{
	"IcoMoonType": "selection",
	"icons": [
		{
			"icon": {
				"paths": [
					"M384 576h-320c-35.376 0-64 28.624-64 64v320c0 35.376 28.624 64 64 64h320c35.376 0 64-28.624 64-64v-320c0-35.376-28.624-64-64-64zM320 896h-192v-192h192v192zM384 0h-320c-35.376 0-64 28.624-64 64v320c0 35.376 28.624 64 64 64h320c35.376 0 64-28.624 64-64v-320c0-35.376-28.624-64-64-64zM320 320h-192v-192h192v192zM960 576h-320c-35.376 0-64 28.624-64 64v320c0 35.376 28.624 64 64 64h320c35.376 0 64-28.624 64-64v-320c0-35.376-28.624-64-64-64zM896 896h-192v-192h192v192zM960 0h-320c-35.376 0-64 28.624-64 64v320c0 35.376 28.624 64 64 64h320c35.376 0 64-28.624 64-64v-320c0-35.376-28.624-64-64-64zM896 320h-192v-192h192v192z"
				],
				"tags": [
					"grid",
					"apps",
					"squares",
					"blocks"
				],
				"grid": 16
			},
			"properties": {
				"id": 42,
				"order": 1,
				"prevSize": 32,
				"code": 58881,
				"name": "grid",
				"ligatures": ""
			},
			"setIdx": 2,
			"iconIdx": 42
		},
		{
			"icon": {
				"paths": [
					"M680.75 624.5c-56.25 56.25-56.25 112.5-112.5 112.5s-112.5-56.25-168.75-112.5-112.5-112.5-112.5-168.75 56.25-56.25 112.5-112.5-112.5-225.001-168.75-225.001-168.75 168.75-168.75 168.75c0 112.5 115.577 340.576 225.001 450s337.5 225.001 450 225.001c0 0 168.75-112.5 168.75-168.75s-168.75-225.001-225.001-168.75z"
				],
				"tags": [
					"phone",
					"contact",
					"telephone",
					"support",
					"call"
				],
				"grid": 16,
				"width": 1024
			},
			"properties": {
				"order": 2,
				"id": 451,
				"prevSize": 32,
				"code": 58880,
				"name": "phone",
				"ligatures": ""
			},
			"setIdx": 0,
			"iconIdx": 60
		}
	],
	"height": 1024,
	"metadata": {
		"name": "icomoon"
	},
	"preferences": {
		"fontPref": {
			"prefix": "icon-",
			"metadata": {
				"fontFamily": "icomoon"
			},
			"showGlyphs": true,
			"metrics": {
				"emSize": 512,
				"baseline": 6.25,
				"whitespace": 50
			},
			"resetPoint": 58880,
			"showQuickUse": true,
			"quickUsageToken": false,
			"showMetrics": true,
			"showMetadata": false
		},
		"imagePref": {
			"color": 0,
			"height": 32,
			"columns": 16,
			"margin": 16,
			"png": false,
			"sprites": true
		},
		"historySize": 100,
		"showCodes": true,
		"gridSize": 16,
		"showLiga": false,
		"showGrid": true,
		"showGlyphs": true,
		"showQuickUse": true
	}
}